channel_id,title,view_count,video_count,published_at,last_upload,source_keyword
UC3q2YwNGj7ktNf70PqMW72g,Genieland,4426581494,2423,2014-05-21T20:23:36Z,,unboxing
UCj34AOIMl_k1fF7hcBkD_dw,EverythingApplePro E A P,2194207257,1765,2009-01-27T19:52:05Z,,unboxing
UCmlsu3V3SzIm2Jmo0S0qiMg,TechRax,2064560878,558,2009-09-21T02:56:52Z,,unboxing
UCTTJMptGhfJA67e40DlqbNw,Karina Garcia,1774296930,648,2012-10-19T07:14:58Z,,unboxing
UCQYTSsUYm188D5ijYJRZqFQ,Coop772,980261469,937,2007-07-06T05:36:28Z,,unboxing
UCCiSF-QXf948TJ_sYjMPcNQ,adrianisen,798532312,9027,2009-11-25T19:45:11Z,,unboxing
UCO_vmeInQm5Z6dEZ6R5Kk0A,Pocketnow,784118571,7986,2007-10-14T19:47:32Z,,unboxing
UC7nGdI1YVbdj0lBqEeg8KxQ,BluCollection,781678478,200,2010-12-23T16:55:05Z,,unboxing
UCgOfiuubHnhVrc9IEcSk1Nw,MassageASMR,450788249,845,2012-12-05T00:38:46Z,,unboxing
UCmY3dSr-0TOkJqy0btd2AJg,DetroitBORG,446444266,755,2008-07-29T01:51:22Z,,unboxing
UCC2tqi4uzSWEifmyxbb5ltQ,SkylandersGame,294286126,1031,2011-02-10T04:18:53Z,,unboxing
UCCZjukPCgCAtvIgrfJvt3NA,Tech Trinkets,284786211,1699,2007-06-25T21:03:19Z,,unboxing
UCYft6UW3F76XZ0O6mDw-Q-g,NerfBoyProductions,261368008,269,2012-02-03T03:08:38Z,,unboxing
UCwiIs5V6-zX8xaYgwhRhsHQ,iCrackUriDevice,209300644,1704,2010-06-24T23:15:37Z,,unboxing
UCB2527zGV3A0Km_quJiUaeQ,Erica Sulzbach,169003701,701,2009-06-08T20:43:02Z,,unboxing
UC-kFCSJLpxuJdgMnQz8Dvrg,Android Central,149530273,3104,2008-11-13T22:27:59Z,,unboxing
UCWyvEDTw-lX2Esn9-XHrvpA,LPShannah,136850552,359,2010-08-01T09:53:18Z,,unboxing
UC6wz-VSpEJZhfyAzp7LUb6g,Ty Moss,132587248,800,2008-02-14T21:17:15Z,,unboxing
UCKTfkCjQzb0NVB2gP30noVA,JRCuber,104510118,678,2012-01-29T23:57:52Z,,unboxing
UC-AAk4vhWHPzR-cV4o5tLRg,Mass Effect,91671625,145,2009-04-28T23:34:51Z,,unboxing
UCFsLEAbWprS7OHuGDLlP-DQ,Gerti ToysReview,84291285,248,2013-09-06T09:31:49Z,,unboxing
UCYFrbqXRJCB7L1-TkMlboWA,JrTech,62174005,439,2010-03-08T02:39:18Z,,unboxing
UCxzM8G2TTTArIQsy2qw1aWA,GAME,61018046,3766,2005-11-01T15:31:04Z,,unboxing
UCtPmovkF983Fd7syP9UFJLw,CrackBerry Kevin,56335217,2087,2007-02-07T13:36:38Z,,unboxing
UCp0NI2RN1F9_ZqchngQHGZA,leodee,50187202,967,2006-05-08T17:50:13Z,,unboxing
UCWvodQd4torhF_jzYedYcaw,Danny Choo,49721299,226,2006-07-17T08:25:34Z,,unboxing
UCf7YPuDsr1p77VljE9C5sTw,Polish Surprise Eggs,48234879,344,2015-09-22T19:00:37Z,,unboxing
UCpUlfVgJEtCAmX9p4Q2RlCQ,Pallab Hazarika,45634246,2125,2012-01-22T15:55:32Z,,unboxing
UC6dJUKUc-JNEmqAzRBil_zQ,sceablog,45335870,573,2007-06-18T16:56:04Z,,unboxing
UCdHME-0O5eDGjitZ6XRFB8Q,AllAboutTechnologies,34339262,739,2011-07-19T02:14:30Z,,unboxing
UCshyM08-MXmCTAq74i3aIkg,PhoneBunch,34075997,857,2013-02-27T17:16:56Z,,unboxing
UC5q094bnsXnjfizYNraPF1g,Clinton Jeff,24660458,1093,2006-04-15T23:57:42Z,,unboxing
UC7_uYbNuR63Z8jQmlrTzXiA,myoldtechchannel,22052240,269,2009-07-24T13:04:43Z,,unboxing
UCwnW4ZPOUwL_4PvaMXZ5IJQ,muwen360,21801431,326,2010-02-07T20:05:52Z,,unboxing
UCB3kWK8GesBeF99IlZKaS_g,IntoWeapons,18749493,392,2012-02-02T16:51:07Z,,unboxing
UCxhjeJe7yDd48DCCQ2NnzEA,Matt Keil,13215362,181,2014-11-09T10:34:22Z,,unboxing
UCc0X6O--9ahFR2mD6cSjtFg,CGS,13192368,883,2013-03-20T10:12:22Z,,unboxing
UChjrsym8hVB1is45FeeQu8w,eTech Tom,7192078,200,2008-05-04T05:19:47Z,,unboxing
UCEG-XRNyehDGWx-siCJ7GPg,Drinkfinity BR,6590177,94,2014-05-05T18:45:07Z,,unboxing
UCVCPqTp2HhntBpFzdsjQFSw,GnashTime,1121083,174,2011-05-21T21:08:21Z,,unboxing
UCXUtrCxQ1UtcddCavOfXuxg,cmkcellphones,559862,85,2010-08-25T02:11:45Z,,unboxing
